{"Consulta":{"0":"Velocidad Media","1":"Viajes en Taxi M\u00e1s Comunes","2":"Cantidad Total Media Pagada"},"DataFrame (segundos)":{"0":5.5298194885,"1":1.1109929085,"2":0.7316474915},"SQL (segundos)":{"0":5.405125618,"1":0.8206322193,"2":0.5094592571},"RDD (segundos)":{"0":9.2499275208,"1":3.4492945671,"2":10.2585730553}}