{"Consulta":{"0":"Velocidad Media","1":"Viajes en Taxi M\u00e1s Comunes","2":"Cantidad Total Media Pagada"},"DataFrame (segundos)":{"0":8.9211711884,"1":2.7629196644,"2":1.6279404163},"SQL (segundos)":{"0":8.6206011772,"1":1.8081769943,"2":1.2533833981},"RDD (segundos)":{"0":15.9267857075,"1":5.5811414719,"2":13.8600571156}}