{"Consulta":{"0":"Velocidad Media","1":"Viajes en Taxi M\u00e1s Comunes","2":"Cantidad Total Media Pagada"},"DataFrame (segundos)":{"0":4.6874802113,"1":1.5429916382,"2":0.8363332748},"SQL (segundos)":{"0":4.6441938877,"1":0.7953636646,"2":0.5343680382},"RDD (segundos)":{"0":9.7349040508,"1":3.6134328842,"2":10.1765224934}}