{"Consulta":{"0":"Velocidad Media","1":"Viajes en Taxi M\u00e1s Comunes","2":"Cantidad Total Media Pagada"},"DataFrame (segundos)":{"0":5.1451187134,"1":0.9966728687,"2":0.9780254364},"SQL (segundos)":{"0":5.0510635376,"1":0.592192173,"2":0.5630159378},"RDD (segundos)":{"0":8.9694364071,"1":3.176264286,"2":8.4220404625}}