{"Consulta":{"0":"Velocidad Media","1":"Viajes en Taxi M\u00e1s Comunes","2":"Cantidad Total Media Pagada"},"DataFrame (segundos)":{"0":16.5900774002,"1":3.6512784958,"2":2.087692976},"SQL (segundos)":{"0":14.891782999,"1":2.0809695721,"2":1.8002927303},"RDD (segundos)":{"0":27.4625790119,"1":9.0344944,"2":24.6711101532}}