{"Consulta":{"0":"Velocidad Media","1":"Viajes en Taxi M\u00e1s Comunes","2":"Cantidad Total Media Pagada"},"DataFrame (segundos)":{"0":6.4564943314,"1":1.332243681,"2":1.0378549099},"SQL (segundos)":{"0":5.1491620541,"1":0.680880785,"2":0.531580925},"RDD (segundos)":{"0":11.4110496044,"1":3.9201319218,"2":10.2310173512}}