{"Consulta":{"0":"Velocidad Media","1":"Viajes en Taxi M\u00e1s Comunes","2":"Cantidad Total Media Pagada"},"DataFrame (segundos)":{"0":9.9174194336,"1":3.0146710873,"2":1.6133418083},"SQL (segundos)":{"0":9.2188518047,"1":1.8186705112,"2":1.245249033},"RDD (segundos)":{"0":22.9654023647,"1":9.0612113476,"2":24.5642640591}}