{"Consulta":{"0":"Velocidad Media","1":"Viajes en Taxi M\u00e1s Comunes","2":"Cantidad Total Media Pagada"},"DataFrame (segundos)":{"0":15.1601047516,"1":3.4525563717,"2":1.8910908699},"SQL (segundos)":{"0":14.0774092674,"1":2.4330177307,"2":1.7111785412},"RDD (segundos)":{"0":28.1307785511,"1":11.2166595459,"2":29.0455935001}}