{"Consulta":{"0":"Velocidad Media","1":"Viajes en Taxi M\u00e1s Comunes","2":"Cantidad Total Media Pagada"},"DataFrame (segundos)":{"0":15.150097847,"1":3.3262631893,"2":1.995439291},"SQL (segundos)":{"0":14.0911002159,"1":2.0224704742,"2":1.4017398357},"RDD (segundos)":{"0":25.7881643772,"1":9.8842189312,"2":24.7175090313}}